path,tag,priority,status,analysis_notes
/workspace/Codes/Config/experiment.py,configuration_pattern_simple,CRITICAL,EXISTS,570→230 lines 59% reduction breakthrough
/workspace/Codes/Config/color.py,configuration_pattern_complex,CRITICAL,EXISTS,1293→273 lines 78.9% reduction breakthrough  
/workspace/Codes/Config/_experiment/,submodule_pattern,HIGH,EXISTS,Experiment submodule organization
/workspace/Codes/Config/_color/,submodule_pattern,HIGH,EXISTS,Color submodule organization
/workspace/MetaAgentPlan/duck_plan.md,core_duck_plan,CRITICAL,EXISTS,Master development plan
/workspace/MetaAgentPlan/duck_summary.md,executive_summary,CRITICAL,EXISTS,Executive summary and metrics
/workspace/MetaAgentPlan/duck_questions.md,critical_decisions,CRITICAL,EXISTS,5 critical user decisions
/workspace/MetaAgentPlan/duck_suggestions.md,strategic_vision,HIGH,EXISTS,Dream features and strategy
/workspace/MetaAgentPlan/30-synthesis/philosophy_synthesis.md,user_philosophy,CRITICAL,EXISTS,Complete user methodology
/workspace/MetaAgentPlan/50-stopgate/meta_duck_vision.md,final_vision,HIGH,EXISTS,Ultimate Duck ecosystem vision
/workspace/MetaAgentPlan/90-decisions/decision_log.md,decision_tracking,HIGH,EXISTS,Autonomous decision log
/workspace/MetaAgentPlan/insights/loop_insights.md,discovery_log,HIGH,EXISTS,Loop-by-loop insights
/workspace/.cursor/,user_methodology,CRITICAL,MISSING,User rules and power techniques - LOST
/workspace/Codes_Before/,historical_reference,HIGH,MISSING,Before transformation comparison - LOST
/workspace/Codes_Working/,development_iteration,MEDIUM,MISSING,Development iteration - LOST
/workspace/ExampleFiles/,data_templates,MEDIUM,MISSING,CSV examples and templates - LOST
/workspace/MetaAgentPlan/20-file_notes/,file_analysis,CRITICAL,CREATED,File-by-file analysis documentation
duck_loop_prompt.md,execution_instructions,CRITICAL,USER_ATTACHED,50-loop autonomous execution protocol